{"degree_graph": [0.6629370629370629, 0.6101694915254238, 0.6501457725947521, 0.6618075801749271, 0.6716867469879518, 0.6173541963015647, 0.6898638426626323, 0.6443514644351465, 0.6755555555555556, 0.6217765042979942, 0.6552706552706553, 0.6485714285714286, 0.6379310344827587, 0.6666666666666666, 0.6899563318777293], "graph_topology": [0.7223065250379362, 0.7069767441860465, 0.7323076923076923, 0.7255520504731862, 0.7280966767371602, 0.730593607305936, 0.7391304347826086, 0.7133757961783439, 0.7109737248840804, 0.7316341829085458, 0.7530487804878049, 0.72782874617737, 0.7311178247734139, 0.671850699844479, 0.7407407407407407], "transaction": [0.831946755407654, 0.8122866894197952, 0.7909407665505227, 0.8075601374570447, 0.7965517241379311, 0.8061749571183533, 0.7945205479452054, 0.8109028960817717, 0.8, 0.8251273344651953, 0.8187919463087249, 0.8207705192629816, 0.8040201005025126, 0.7810858143607706, 0.7993079584775087], "all": [0.907051282051282, 0.8851913477537438, 0.8624787775891342, 0.8614357262103506, 0.8888888888888888, 0.8704318936877077, 0.8870703764320785, 0.8590604026845637, 0.8928571428571429, 0.882943143812709, 0.8975609756097561, 0.8859934853420195, 0.8914473684210527, 0.8595600676818951, 0.8910569105691057], "transaction+topology": [0.867862969004894, 0.8488964346349746, 0.8449744463373083, 0.8245315161839863, 0.8504983388704319, 0.8460236886632826, 0.8455008488964346, 0.8353140916808149, 0.8380634390651085, 0.8566610455311973, 0.868421052631579, 0.859504132231405, 0.8372881355932204, 0.8430034129692833, 0.8571428571428571]}