{"transaction": [0.8272425249169435, 0.8136752136752137, 0.7937608318890814, 0.8116438356164384, 0.802065404475043], "temporal": [0.6990595611285266, 0.7045454545454546, 0.6930091185410334, 0.7008, 0.6452648475120385], "all": [0.9059011164274322, 0.8773109243697479, 0.8743718592964824, 0.8785357737104825, 0.8888888888888888], "degree_graph": [0.6638655462184874, 0.6067415730337079, 0.6531204644412192, 0.6627737226277373, 0.6530014641288433], "graph_topology": [0.7209653092006033, 0.7060653188180405, 0.7289433384379785, 0.7215189873417721, 0.7220543806646526]}